"key","title","body","updated_at"
"a_propos","À propos de THE LOOP","The Loop est le guide premium de Conakry : une sélection curatée des meilleurs spots, événements et outils de la ville, pensée pour les cadres locaux et la diaspora africaine exigeante.

Notre conviction : les bonnes adresses ne s'annoncent pas, elles se transmettent. C'est cette logique de cercle de confiance que nous avons voulu recréer dans l'application — un répertoire où chaque lieu référencé est choisi, pas juste listé.

Né à Conakry, THE LOOP est pensé pour grandir avec l'Afrique : après la Guinée, l'ambition est d'accompagner les mêmes usages — sortir, découvrir, se faire plaisir — dans d'autres capitales du continent.","2026-08-23 00:00:00.000000+00"
"comment_ca_marche","Comment ça marche","1. Téléchargez l'application
THE LOOP est disponible gratuitement sur Google Play et l'App Store.

2. Créez votre compte
L'inscription se fait en quelques secondes avec votre numéro de téléphone et un code de vérification (OTP) — aucun mot de passe à retenir.

3. Explorez la ville autrement
Parcourez les spots, événements et outils sélectionnés à Conakry, filtrez selon vos envies, et ajoutez vos adresses favorites.

4. Activez le PASS Prime
Pour débloquer les avantages exclusifs chez nos partenaires (accueil privilégié, offres, accès prioritaire...), souscrivez au PASS Prime, un abonnement mensuel réglable par paiement mobile money.

5. Restez informé et donnez votre avis
Recevez des notifications sur vos favoris, vos avantages et les actualités de l'application, et participez de temps en temps à nos sondages pour orienter les prochaines sélections de THE LOOP.

6. Profitez de vos privilèges
Présentez votre carte membre chez nos partenaires et profitez des avantages réservés au cercle THE LOOP.","2026-08-23 00:00:00.000000+00"
"devenir_partenaire","Devenir partenaire THE LOOP","Faites découvrir votre établissement à une communauté ciblée de cadres et de décideurs à Conakry, et gagnez en visibilité auprès de la diaspora africaine en quête de bonnes adresses.

En rejoignant THE LOOP, votre établissement bénéficie :
- D'une fiche dédiée dans l'application (description, photos, horaires, contact, réservation)
- D'un accès à la communauté des membres PASS Prime
- D'un QR code personnalisé avec suivi de fréquentation (tracking UTM)
- D'une visibilité éditoriale sur les avantages que vous choisissez d'offrir aux membres

THE LOOP se réserve un droit de sélection éditoriale sur les établissements référencés, afin de garantir la qualité de l'expérience proposée à ses membres.

Pour candidater, contactez-nous à theloop.contact@gmail.com ou au +224 626 68 06 06. Site : https://www.theloop-app.com/","2026-08-23 00:00:00.000000+00"
"contact","Contact","Une question, une suggestion de spot, ou une envie de rejoindre THE LOOP en tant que partenaire ?

Site : https://www.theloop-app.com/
E-mail : theloop.contact@gmail.com
Téléphone : +224 626 68 06 06

Nous répondons personnellement à chaque message. THE LOOP est basé à Conakry, Guinée.","2026-08-23 00:00:00.000000+00"
